run,adaptive_policy_effective_buckets,adaptive_policy_effective_timesteps,adaptive_policy_entropy,adaptive_policy_max_over_uniform,adaptive_policy_max_prob,adaptive_policy_min_over_uniform,adaptive_policy_min_prob,ardm_grad_norm_raw,ardm_loss,aux_alignment_factor,aux_grad_cosine,aux_grad_norm_raw,aux_loss,cf_mid_delta,cf_mid_delta_baseline,cf_mid_drop_fraction,cf_mid_dropped_energy,cf_mid_harmful_weight_mean,cf_mid_loss,cf_mid_masked_ardm_loss,cf_mid_useful_weight_mean,cf_mid_utility_abs_mean,cf_mid_utility_max,cf_mid_utility_min,cf_mid_utility_pos_frac,cf_mid_weight,constrained_mask_buckets,constrained_observed_mass_l1,curriculum_min_observed_fraction,disc_end_fake_logits,disc_end_fake_logits_std,disc_end_grad_norm,disc_end_logit_abs_mean,disc_end_loss,disc_end_real_logits,disc_end_real_logits_std,disc_mid_fake_logits,disc_mid_fake_logits_std,disc_mid_grad_norm,disc_mid_logit_abs_mean,disc_mid_loss,disc_mid_real_logits,disc_mid_real_logits_std,disc_train_factor,disc_weight_end,disc_weight_mid,end_feature_cosine,eval_fid,eval_is_mean,eval_is_std,eval_nelbo,eval_nelbo_policy_50,eval_nelbo_policy_naive,eval_ssim,fake_end_feature_mean,fake_end_feature_norm,fake_mid_feature_mean,fake_mid_feature_norm,gen_end_loss,gen_mid_loss,grad_norm,guidance_progress,mask_fraction_observed,mid_feature_cosine,real_end_feature_mean,real_end_feature_norm,real_mid_feature_mean,real_mid_feature_norm,reason_end_loss,reason_mid_loss,reason_weight_end,reason_weight_mid,sampled_observed_fraction,sampled_observed_fraction_std,sampled_t_mean,sampled_t_std,stratified_t_enabled,train_ce,train_loss,train_nelbo,train_nelbo_steps_100,train_nelbo_steps_50
baseline_ardm_base,,,,,,,,,,,,,,,,,,,,,,,,,,,,,,,,,,,,,,,,,,,,,,,,204.65853881835938,2.795933485031128,0.6737046241760254,3.1349196434020996,3.1607508659362793,3.13905668258667,0.036223262548446655,,,,,,,5.3882951736450195,,,,,,,,,,,,,,,,,0.4478376507759094,3.1685409545898438,3.168093204498291,3.1800594329833984,3.1943557262420654
counterfactual_gradalign_scalarcf_middle_cfw1e-4,,,,,,,,5.300374507904053,3.1789612770080566,0.0018709750147536397,0.00011325156810926273,1.0074051033370779e-06,-1.3313227853473109e-08,0.000132802888401784,,0.25078749656677246,0.9993070363998413,,-0.00013313228555489331,3.179094076156616,,,,,,9.999998292187229e-05,,,,,,,,,,,-1.719618320465088,1.2650864124298096,15.33290958404541,1.8601293563842773,0.5277076363563538,1.6830365657806396,1.2327245473861694,1.0,,0.0,,207.69224548339844,2.7657856941223145,0.48870521783828735,3.1337313652038574,3.1625678539276123,3.152517080307007,0.03847023844718933,,,-0.05036366358399391,85.47557830810547,,1.719618320465088,5.300374507904053,1.0,0.49961182475090027,0.9354189038276672,,,0.03749845549464226,82.76233673095703,,0.0645810142159462,,0.0,,,,,,0.44886523485183716,3.1789612770080566,3.1785120964050293,3.1790196895599365,3.193340539932251
counterfactual_gradalign_scalarcf_middle_cfw2e-3,,,,,,,,5.085957050323486,3.159409999847412,0.015327016822993755,0.0007476519676856697,1.846658278736868e-06,-1.5060849989367853e-07,7.576095231343061e-05,,0.2506699860095978,0.9989596605300903,,-7.53042331780307e-05,3.1594860553741455,,,,,,0.0020000000949949026,,,,,,,,,,,-1.6602065563201904,1.0347075462341309,15.054030418395996,1.7868353128433228,0.4434232711791992,1.6319022178649902,1.0190151929855347,1.0,,0.0,,214.93109130859375,2.5631520748138428,0.4081941246986389,3.140141248703003,3.175135850906372,3.1492273807525635,0.04119081422686577,,,0.2612951695919037,87.58016204833984,,1.6602065563201904,5.085957050323486,1.0,0.5001699328422546,0.9361143112182617,,,0.28234100341796875,84.99443817138672,,0.06388569623231888,,0.0,,,,,,0.4460567533969879,3.159409999847412,3.158964157104492,3.1829707622528076,3.197237491607666
counterfactual_gradalign_scalarcf_middle_cfw5e-4,,,,,,,,5.593571662902832,3.166980028152466,0.007766444236040115,0.00042153731919825077,1.135907950811088e-06,-7.478460162246847e-08,0.000147880899021402,,0.24912500381469727,0.9990526437759399,,-0.0001495691976742819,3.167128086090088,,,,,,0.0005000000237487257,,,,,,,,,,,-1.3451213836669922,0.8400524854660034,15.753162384033203,1.5397539138793945,0.4632992148399353,1.4278334379196167,0.9031667113304138,1.0,,0.0,,204.85797119140625,2.791078567504883,0.5873835682868958,3.1298370361328125,3.1661581993103027,3.126786470413208,0.040894947946071625,,,0.002003204310312867,90.38446044921875,,1.3451213836669922,5.593571662902832,1.0,0.4988152086734772,0.9368128180503845,,,-0.03495310992002487,87.85089111328125,,0.06318721920251846,,0.0,,,,,,0.4473954737186432,3.166980028152466,3.166532516479492,3.1744771003723145,3.188837766647339
counterfactual_scalarcf_middle_cfw1e-4,,,,,,,,0.0,3.178361654281616,1.0,0.0,0.0,-9.136337020265728e-09,9.137661254499108e-05,,0.24912500381469727,1.000860571861267,,-9.136337030213326e-05,3.178452730178833,,,,,,9.999998292187229e-05,,,,,,,,,,,-1.7415709495544434,1.302411675453186,14.302682876586914,1.9333432912826538,0.5452038049697876,1.795076608657837,1.3577412366867065,1.0,,0.0,,202.67930603027344,2.947298765182495,0.5638350248336792,3.141242265701294,3.1738038063049316,3.1375012397766113,0.029033778235316277,,,0.021794458851218224,91.30491638183594,,1.7415709495544434,4.6433281898498535,1.0,0.4988152086734772,0.9371160268783569,,,-0.00800651591271162,88.85043334960938,,0.06288397312164307,,0.0,,,,,,0.44857272505760193,3.178361654281616,3.177912712097168,3.1855711936950684,3.1997196674346924
counterfactual_scalarcf_middle_cfw2e-3,,,,,,,,0.0,3.1726887226104736,1.0,0.0,0.0,-3.2712165420889505e-07,0.00016425331705249846,,0.24912500381469727,1.0005475282669067,,-0.0001635608059586957,3.1728527545928955,,,,,,0.0020000000949949026,,,,,,,,,,,-1.49832284450531,0.9874158501625061,16.04877281188965,1.7029128074645996,0.4852663278579712,1.5868251323699951,1.040405511856079,1.0,,0.0,,210.33995056152344,2.870393991470337,0.43204399943351746,3.137937545776367,3.1730246543884277,3.134300470352173,0.03647284954786301,,,0.1837838739156723,92.22852325439453,,1.49832284450531,5.007984161376953,1.0,0.4988152086734772,0.9379756450653076,,,0.14772775769233704,89.63964080810547,,0.062024399638175964,,0.0,,,,,,0.4480593800544739,3.1726880073547363,3.172240734100342,3.1824376583099365,3.196600914001465
counterfactual_scalarcf_middle_cfw5e-4,,,,,,,,0.0,3.1683719158172607,1.0,0.0,0.0,-7.102205756837066e-08,0.00014131855277810246,,0.24912500381469727,0.9989184141159058,,-0.00014204411127138883,3.168513059616089,,,,,,0.0005000000237487257,,,,,,,,,,,-1.4734221696853638,0.877529501914978,15.397577285766602,1.686284065246582,0.43446582555770874,1.6150434017181396,0.9836940765380859,1.0,,0.0,,208.81124877929688,2.7694485187530518,0.38822615146636963,3.1357758045196533,3.166828155517578,3.1321239471435547,0.046553242951631546,,,-0.1419435292482376,95.21143341064453,,1.4734221696853638,4.8836870193481445,1.0,0.4988152086734772,0.9394432306289673,,,-0.17098362743854523,93.54837799072266,,0.06055677682161331,,0.0,,,,,,0.4479551613330841,3.1683719158172607,3.16792368888855,3.179176092147827,3.1934590339660645
counterfactual_utilitycf_middle_cfw1e-4,,,,,,,,0.0,3.1686477661132812,1.0,0.0,0.0,-2.4830289930832805e-06,4.280075154383667e-05,4.049510971526615e-05,0.12531499564647675,0.9955011010169983,0.4706273376941681,-0.024830292910337448,3.1686906814575195,0.4718610942363739,9.683866665000096e-05,0.0003432811063248664,-0.0003166769747622311,0.50621497631073,9.999998292187229e-05,,,,,,,,,,,-1.5702414512634277,1.0394617319107056,14.756444931030273,1.7333346605300903,0.4946712553501129,1.5784367322921753,1.0429964065551758,1.0,,0.0,,203.983642578125,2.817131757736206,0.4380500018596649,3.135981559753418,3.1702260971069336,3.13278865814209,0.045802220702171326,,,-0.04633471369743347,93.2854995727539,,1.5702414512634277,4.735149383544922,1.0,0.4988152086734772,0.9454248547554016,,,-0.09770964831113815,91.21431732177734,,0.05457509681582451,,0.0,,,,,,0.44755464792251587,3.168644905090332,3.1682000160217285,3.1812849044799805,3.1953787803649902
counterfactual_utilitycf_middle_cfw2e-3,,,,,,,,0.0,3.1582462787628174,1.0,0.0,0.0,-0.0003632281441241503,-1.0093917808262631e-05,-1.0052006473415531e-05,0.12489499896764755,1.0622551441192627,0.4661718010902405,-0.18161405622959137,3.158236265182495,0.4657147526741028,3.283364640083164e-05,0.0001011315907817334,-0.00012385206355247647,0.5133424997329712,0.0020000000949949026,,,,,,,,,,,-1.0275007486343384,0.013377770781517029,0.04768577218055725,1.0210999250411987,0.001193852280266583,1.0146435499191284,0.016513215377926826,1.0,,0.0,,201.89991760253906,2.9016785621643066,0.3845057487487793,3.129310131072998,3.1689460277557373,3.1368141174316406,0.03534584492444992,,,-0.05594579130411148,377.4796142578125,,1.0275007486343384,5.432960510253906,1.0,0.5004657506942749,0.2643696963787079,,,-0.4244682490825653,218.1334228515625,,0.7356303334236145,,0.0,,,,,,0.4451356530189514,3.1578831672668457,3.1578011512756348,3.1809139251708984,3.1979105472564697
counterfactual_utilitycf_middle_cfw5e-4,,,,,,,,0.0,3.1761436462402344,1.0,0.0,0.0,-2.3915386009321082e-06,3.015579204657115e-05,3.1709241739008576e-05,0.12531499564647675,0.9845204949378967,0.4738958477973938,-0.004783105570822954,3.176173686981201,0.4741628170013428,0.00011025935964426026,0.0003785132721532136,-0.00035169775946997106,0.5025749802589417,0.0005000000237487257,,,,,,,,,,,-2.049762725830078,0.7344738841056824,30.56839942932129,2.145603656768799,0.17471492290496826,2.1315701007843018,0.7581425905227661,1.0,,0.0,,210.41925048828125,2.8016128540039062,0.4153001010417938,3.1391053199768066,3.1746227741241455,3.1354851722717285,0.036897316575050354,,,-2.2083096504211426,320.18084716796875,,2.049762725830078,5.501413822174072,1.0,0.4988152086734772,0.9899284243583679,,,-2.274052143096924,326.41119384765625,,0.010071625001728535,,0.0,,,,,,0.44862180948257446,3.1761412620544434,3.1756949424743652,3.1854848861694336,3.1996564865112305
guidance_advanceddisc_middle_dw1e-4,,,,,,,,,3.168186902999878,,,,,,,,,,,,,,,,,,,,,,,,,,,,-1.6097954511642456,1.2746598720550537,290.0477600097656,1.6549882888793945,0.6843051314353943,1.2713940143585205,0.856216549873352,1.0,,9.999998292187229e-05,,201.24449157714844,2.809645891189575,0.32627665996551514,3.1349422931671143,3.1740620136260986,3.131843328475952,0.03556669503450394,,,0.039132457226514816,353.7931213378906,,1.6097954511642456,5.94456672668457,1.0,0.4988152086734772,0.99265056848526,,,0.013552548363804817,359.443359375,,0.007349432446062565,,0.0,,,,,,0.44782155752182007,3.1683478355407715,3.167739152908325,3.1798133850097656,3.194027900695801
guidance_advanceddisc_middle_dw2e-3,,,,,,,,,3.1727168560028076,,,,,,,,,,,,,,,,,,,,,,,,,,,,-2.55715274810791,1.3617218732833862,364.25592041015625,2.226666212081909,0.411467581987381,1.640549659729004,0.523287832736969,1.0,,0.0020000000949949026,,208.2973175048828,2.6183409690856934,0.24496814608573914,3.136645793914795,3.1742382049560547,3.132896900177002,0.041495442390441895,,,0.784942626953125,767.9738159179688,,2.55715274810791,5.291513919830322,1.0,0.4988152086734772,0.9998267292976379,,,0.778096616268158,758.432861328125,,0.00017326358647551388,,0.0,,,,,,0.4483806788921356,3.1778311729431152,3.172268867492676,3.1817710399627686,3.1957950592041016
guidance_advanceddisc_middle_dw5e-4,,,,,,,,,3.172255277633667,,,,,,,,,,,,,,,,,,,,,,,,,,,,-2.497131586074829,1.4925346374511719,405.6099853515625,2.1595635414123535,0.45535534620285034,1.54489004611969,0.5618369579315186,1.0,,0.0005000000237487257,,213.8501434326172,2.8194379806518555,0.3975412845611572,3.1377012729644775,3.1723718643188477,3.135551929473877,0.0430099181830883,,,0.2228972464799881,737.8364868164062,,2.497131586074829,5.1544976234436035,1.0,0.4988152086734772,0.9998074769973755,,,0.2383744865655899,729.6348266601562,,0.00019252618949394673,,0.0,,,,,,0.44796156883239746,3.173504114151001,3.1718075275421143,3.182864189147949,3.1970343589782715
guidance_advanceddisc_middle_end_dw1e-4,,,,,,,,,3.173053741455078,,,,,,,,,,,,,,,,,,,,,-0.24374105036258698,0.8128240704536438,17.888282775878906,0.7891479730606079,1.5296902656555176,0.28630974888801575,0.7914571762084961,-1.8472650051116943,1.6261712312698364,399.10565185546875,1.6825695037841797,0.7297881245613098,1.0484355688095093,0.6118396520614624,1.0,9.999998292187229e-05,9.999998292187229e-05,0.9955413937568665,211.420166015625,2.5173845291137695,0.6379817128181458,3.1353909969329834,3.1688032150268555,3.1320838928222656,0.03173891827464104,0.2864517867565155,5.753533363342285,-0.8925459384918213,447.76727294921875,0.24374105036258698,1.8472650051116943,5.285333633422852,1.0,0.4988152086734772,0.9952263832092285,0.2911759912967682,5.813298225402832,-0.9349652528762817,450.0593566894531,0.004458609037101269,0.004773563705384731,0.0,0.0,,,,,,0.4479677379131317,3.173262596130371,3.172605514526367,3.1806039810180664,3.19488525390625
guidance_advanceddisc_middle_end_dw2e-3,,,,,,,,,3.174286365509033,,,,,,,,,,,,,,,,,,,,,-0.12546925246715546,0.7730953097343445,14.639124870300293,0.7379457950592041,1.7496365308761597,0.14457231760025024,0.7697920799255371,-2.570190668106079,1.4355987310409546,381.1872863769531,2.1984012126922607,0.4400672912597656,1.5501387119293213,0.4873155951499939,1.0,0.0020000000949949026,0.0020000000949949026,0.9959861040115356,209.6244354248047,2.7346386909484863,0.31678852438926697,3.1395976543426514,3.169508695602417,3.1369285583496094,0.04002366214990616,0.3464878797531128,5.236321926116943,-0.3134324550628662,797.618408203125,0.12546925246715546,2.570190668106079,5.553959846496582,1.0,0.4988152086734772,0.9998465776443481,0.35024699568748474,5.289905071258545,-0.30519580841064453,786.8652954101562,0.004013857338577509,0.0001533993927296251,0.0,0.0,,,,,,0.44846391677856445,3.1796774864196777,3.173837900161743,3.185929298400879,3.2002320289611816
guidance_advanceddisc_middle_end_dw5e-4,,,,,,,,,3.1751580238342285,,,,,,,,,,,,,,,,,,,,,-0.1953105926513672,0.8383821249008179,13.75102710723877,0.8338048458099365,1.6294944286346436,0.1905166059732437,0.8397721648216248,-2.1106905937194824,1.6407068967819214,460.3111267089844,1.8225703239440918,0.6230908632278442,1.1419055461883545,0.44968491792678833,1.0,0.0005000000237487257,0.0005000000237487257,0.9949865341186523,205.15066528320312,2.568821430206299,0.1908438503742218,3.140221357345581,3.1776156425476074,3.137099266052246,0.03418731316924095,0.270009845495224,5.254449367523193,0.5764668583869934,572.8115234375,0.1953105926513672,2.1106905937194824,4.771575450897217,1.0,0.4988152086734772,0.9989851713180542,0.27584898471832275,5.327475547790527,0.5947179198265076,566.6756591796875,0.0050134239718317986,0.0010147782741114497,0.0,0.0,,,,,,0.448807030916214,3.1763112545013428,3.1747093200683594,3.1854448318481445,3.1996312141418457
guidance_basicdisc_end_dw1e-4,,,,,,,,,3.165915012359619,,,,,,,,,,,,,,,,,,,,,-8.239587783813477,,8.424337387084961,,0.12878790497779846,2.198694944381714,,,,,,,,,,9.999998292187229e-05,,,199.59153747558594,2.7669589519500732,0.4148130714893341,3.1273484230041504,3.159635066986084,3.138916492462158,0.028917357325553894,,,,,8.239587783813477,,5.743215084075928,,,,,,,,,,,,,,,,,0.4491081237792969,3.166738986968994,3.16546630859375,3.177651882171631,3.191868782043457
guidance_basicdisc_end_dw2e-3,,,,,,,,,3.206369400024414,,,,,,,,,,,,,,,,,,,,,-2.7116005420684814,,92.48748016357422,,0.3011797368526459,1.227246880531311,,,,,,,,,,0.0020000000949949026,,,213.28134155273438,2.6568052768707275,0.26837730407714844,3.1545090675354004,3.19168758392334,3.1510918140411377,0.03839391842484474,,,,,2.7116005420684814,,5.6345624923706055,,,,,,,,,,,,,,,,,0.4537079632282257,3.2117927074432373,3.205915927886963,3.210801362991333,3.2251763343811035
guidance_basicdisc_end_dw5e-4,,,,,,,,,3.1763722896575928,,,,,,,,,,,,,,,,,,,,,-5.926877498626709,,18.02591323852539,,0.15538817644119263,1.8025712966918945,,,,,,,,,,0.0005000000237487257,,,214.60546875,2.7784831523895264,0.42919257283210754,3.1359963417053223,3.170766830444336,3.132993459701538,0.035582005977630615,,,,,5.926877498626709,,5.031097888946533,,,,,,,,,,,,,,,,,0.44966965913772583,3.179335594177246,3.175922393798828,3.182467460632324,3.1965558528900146
guidance_basicdisc_middle_dw1e-4,,,,,,,,,3.1709086894989014,,,,,,,,,,,,,,,,,,,,,,,,,,,,0.18493878841400146,,19.07514190673828,,1.97096848487854,0.2169826626777649,,,,9.999998292187229e-05,,207.47230529785156,2.504384994506836,0.35292014479637146,3.1390621662139893,3.164673328399658,3.1524240970611572,0.03966570273041725,,,,,,-0.18493878841400146,5.099086761474609,,,,,,,,,,,,,,,,,0.447912335395813,3.1708905696868896,3.1704609394073486,3.1832051277160645,3.197322368621826
guidance_basicdisc_middle_dw2e-3,,,,,,,,,7.87917423248291,,,,,,,,,,,,,,,,,,,,,,,,,,,,880704.6875,,360743567360.0,,80875920.0,892195.3125,,,,0.0020000000949949026,,446.3519592285156,1.2020992040634155,0.043481260538101196,7.882936954498291,7.866080284118652,7.8817291259765625,0.012930135242640972,,,,,,-880704.6875,70641624.0,,,,,,,,,,,,,,,,,0.9869429469108582,-1753.529541015625,7.878187656402588,7.880270957946777,7.881539344787598
guidance_basicdisc_middle_dw5e-4,,,,,,,,,3.9076974391937256,,,,,,,,,,,,,,,,,,,,,,,,,,,,0.7143762707710266,,1886093.625,,443.10040283203125,-13.281227111816406,,,,0.0005000000237487257,,285.5714416503906,1.5967919826507568,0.14425688982009888,3.9031264781951904,3.9429702758789062,3.899858236312866,0.02882421389222145,,,,,,-0.7143762707710266,157.0188751220703,,,,,,,,,,,,,,,,,0.5431069731712341,3.9073400497436523,3.9071543216705322,3.921736240386963,3.936305046081543
guidance_basicdisc_middle_end_dw1e-4,,,,,,,,,3.174694061279297,,,,,,,,,,,,,,,,,,,,,-9.732389450073242,,6.915773868560791,,0.1048969253897667,2.153637409210205,,0.21265168488025665,,26.24575424194336,,1.9997793436050415,0.2137337177991867,,,9.999998292187229e-05,9.999998292187229e-05,,206.8856658935547,2.8211252689361572,0.27012044191360474,3.140489339828491,3.1727850437164307,3.1378445625305176,0.0357726626098156,,,,,9.732389450073242,-0.21265168488025665,5.328447341918945,,,,,,,,,,,,,,,,,0.44957298040390015,3.1756463050842285,3.1742444038391113,3.18558931350708,3.1998724937438965
guidance_basicdisc_middle_end_dw2e-3,,,,,,,,,4.363719463348389,,,,,,,,,,,,,,,,,,,,,-2.5201380252838135,,46.72018814086914,,0.527582049369812,1.617687463760376,,9.47143268585205,,1153875.75,,267.1145324707031,8.706268310546875,,,0.0020000000949949026,0.0020000000949949026,,313.5924987792969,1.7519129514694214,0.3024921119213104,4.358792304992676,4.386416912078857,4.352535724639893,0.025741491466760635,,,,,2.5201380252838135,-9.47143268585205,392.51251220703125,,,,,,,,,,,,,,,,,0.5956621766090393,4.349817276000977,4.363123893737793,4.381405353546143,4.394865036010742
guidance_basicdisc_middle_end_dw5e-4,,,,,,,,,3.820011854171753,,,,,,,,,,,,,,,,,,,,,-1.1274981498718262,,14.602398872375488,,0.7568774223327637,1.060821771621704,,0.20139692723751068,,491.6741638183594,,2.191105604171753,0.06727112829685211,,,0.0005000000237487257,0.0005000000237487257,,263.38665771484375,1.9121109247207642,0.1160871833562851,3.788547992706299,3.8256492614746094,3.7852210998535156,0.03295784071087837,,,,,1.1274981498718262,-0.20139692723751068,8.940166473388672,,,,,,,,,,,,,,,,,0.529950737953186,3.8204751014709473,3.81948184967041,3.871676445007324,3.8861489295959473
guidance_reasoning_middle_end_maskmatched_rw1e-4,,,,,,,,,3.1648900508880615,,,,,,,,,,,,,,,,,,,,,-0.2979165315628052,0.8403828740119934,23.241239547729492,0.8636953830718994,1.3885678052902222,0.34855473041534424,0.8216239213943481,-0.9268673658370972,0.6171979308128357,20.8474178314209,1.1272368431091309,0.49116402864456177,0.9752660989761353,0.654313325881958,1.0,0.0,0.0,0.9951926469802856,206.78614807128906,2.6932895183563232,0.3906958997249603,3.131523370742798,3.161954402923584,3.128629446029663,0.03975158557295799,0.2755822539329529,5.757151126861572,0.1582726240158081,99.16565704345703,0.2979165315628052,0.9268673658370972,5.776966094970703,1.0,0.4988152086734772,0.9471615552902222,0.28172263503074646,5.832155704498291,0.18505191802978516,97.0217514038086,0.004807364661246538,0.05283842235803604,9.999998292187229e-05,9.999998292187229e-05,,,,,,0.44783398509025574,3.164895534515381,3.164442300796509,3.1772708892822266,3.19142484664917
guidance_reasoning_middle_end_maskmatched_rw2e-3,,,,,,,,,3.163522720336914,,,,,,,,,,,,,,,,,,,,,-0.2571506202220917,0.8473168611526489,22.095367431640625,0.8554879426956177,1.4414122104644775,0.3296298384666443,0.8231679201126099,-1.4319146871566772,0.9572201371192932,37.58844757080078,1.6051968336105347,0.526961624622345,1.4363861083984375,0.9612138867378235,1.0,0.0,0.0,0.9957664012908936,205.4232177734375,2.8343586921691895,0.4852428734302521,3.131470203399658,3.1663894653320312,3.128192663192749,0.04261450469493866,0.259845495223999,5.861234188079834,0.3303792476654053,149.43695068359375,0.2571506202220917,1.4319146871566772,5.496492385864258,1.0,0.4988152086734772,0.9709025621414185,0.26471248269081116,5.920165061950684,0.37008965015411377,150.2227325439453,0.004233586601912975,0.029097458347678185,0.0020000000949949026,0.0020000000949949026,,,,,,0.4472602605819702,3.1635894775390625,3.1630756855010986,3.174920082092285,3.1891255378723145
guidance_reasoning_middle_end_maskmatched_rw5e-4,,,,,,,,,3.166642427444458,,,,,,,,,,,,,,,,,,,,,-0.2700560986995697,0.8580846786499023,19.942394256591797,0.8768956065177917,1.433534026145935,0.31485456228256226,0.8443522453308105,-1.0193020105361938,0.6616341471672058,27.797109603881836,1.2057523727416992,0.48226964473724365,1.0524541139602661,0.6841084361076355,1.0,0.0,0.0,0.9952791929244995,207.41763305664062,2.7446413040161133,0.24434342980384827,3.133005142211914,3.1703014373779297,3.1299262046813965,0.03410752862691879,0.25018972158432007,5.742123603820801,0.5185803174972534,121.25314331054688,0.2700560986995697,1.0193020105361938,5.154421329498291,1.0,0.4988152086734772,0.9621041417121887,0.25639957189559937,5.811596393585205,0.5661057829856873,121.06858825683594,0.004720801487565041,0.03789585083723068,0.0005000000237487257,0.0005000000237487257,,,,,,0.4474788308143616,3.1666641235351562,3.1661949157714844,3.1792151927948,3.1935386657714844
guidance_reasoning_middle_end_samemaskfull_rw1e-4,,,,,,,,,3.2261650562286377,,,,,,,,,,,,,,,,,,,,,-1.0533850193023682,0.18250542879104614,4.527010440826416,1.0747960805892944,0.04786834493279457,1.0609111785888672,0.17387594282627106,-1.7516684532165527,0.329441100358963,1.8050137758255005,1.6733249425888062,0.01575900986790657,1.5881643295288086,0.34333983063697815,1.0,0.0,0.0,0.7003263831138611,211.72439575195312,2.866610288619995,0.4537249207496643,3.1887195110321045,3.2255828380584717,3.1853134632110596,0.0351218655705452,0.28450721502304077,5.305452346801758,-1.104114055633545,460.2580871582031,1.0533850193023682,1.7516684532165527,5.753337383270264,1.0,0.4988152086734772,0.8308612704277039,0.27998965978622437,5.195803165435791,-0.4513237476348877,404.11285400390625,0.2996736466884613,0.16913874447345734,9.999998292187229e-05,9.999998292187229e-05,,,,,,0.45419079065322876,3.2262115478515625,3.22571063041687,3.2368686199188232,3.2510952949523926
guidance_reasoning_middle_end_samemaskfull_rw2e-3,,,,,,,,,3.163088083267212,,,,,,,,,,,,,,,,,,,,,-1.0954163074493408,0.215013325214386,5.965758800506592,1.119766354560852,0.05560971796512604,1.103893518447876,0.20559103786945343,-1.3723728656768799,0.7771782875061035,37.76061248779297,1.5348856449127197,0.41337835788726807,1.4208531379699707,0.8018983006477356,1.0,0.0,0.0,0.7233625650405884,205.89096069335938,2.7454893589019775,0.41143473982810974,3.122208595275879,3.166592597961426,3.11476731300354,0.041984010487794876,0.25411003828048706,5.778343677520752,-0.20332355797290802,196.907958984375,1.0954163074493408,1.3723728656768799,5.813085079193115,1.0,0.4999277591705322,0.9531214237213135,0.2574222981929779,5.7625274658203125,-0.1929919719696045,198.29432678222656,0.2766374349594116,0.04687853157520294,0.0020000000949949026,0.0020000000949949026,,,,,,0.4460378885269165,3.1637356281280518,3.162642478942871,3.179074287414551,3.193268299102783
guidance_reasoning_middle_end_samemaskfull_rw5e-4,,,,,,,,,3.155050039291382,,,,,,,,,,,,,,,,,,,,,-1.1187647581100464,0.248367577791214,7.105938911437988,1.1530433893203735,0.063613660633564,1.1422110795974731,0.22835808992385864,-1.143505573272705,0.7305718660354614,29.192134857177734,1.3575190305709839,0.4758938252925873,1.2459954023361206,0.7826736569404602,1.0,0.0,0.0,0.740052342414856,206.01353454589844,2.9013400077819824,0.403216153383255,3.132702350616455,3.168816566467285,3.1259303092956543,0.041327714920043945,0.2484104484319687,5.851238250732422,1.8849436044692993,139.4742889404297,1.1187647581100464,1.143505573272705,5.440310001373291,1.0,0.5000794529914856,0.9066407680511475,0.2320166379213333,5.671639919281006,1.9349712133407593,138.3027801513672,0.2599475681781769,0.09335917979478836,0.0005000000237487257,0.0005000000237487257,,,,,,0.4455380439758301,3.155226230621338,3.154604434967041,3.1817688941955566,3.1959195137023926
guidance_reasoning_middle_maskmatched_rw1e-4,,,,,,,,,3.1590576171875,,,,,,,,,,,,,,,,,,,,,,,,,,,,-0.9363725185394287,0.5962691903114319,19.95009994506836,1.1335173845291138,0.4613150656223297,0.9985073208808899,0.6343015432357788,1.0,,0.0,,212.9492645263672,2.820858955383301,0.27391722798347473,3.128994941711426,3.1605122089385986,3.1255409717559814,0.032135285437107086,,,0.26098084449768066,96.83641815185547,,0.9363725185394287,5.655471324920654,1.0,0.4988152086734772,0.9433958530426025,,,0.27874755859375,94.58551788330078,,0.05660408362746239,,9.999998292187229e-05,,,,,,0.4462396800518036,3.1590631008148193,3.158611297607422,3.1729583740234375,3.1871681213378906
guidance_reasoning_middle_maskmatched_rw2e-3,,,,,,,,,3.1646807193756104,,,,,,,,,,,,,,,,,,,,,,,,,,,,-1.2356036901474,0.8400654792785645,36.8597412109375,1.4504965543746948,0.5248631238937378,1.3168426752090454,0.8857985138893127,1.0,,0.0,,209.52572631835938,2.4848058223724365,0.4698982834815979,3.1203370094299316,3.1851532459259033,3.1338210105895996,0.03081190213561058,,,-0.14795656502246857,155.42332458496094,,1.2356036901474,5.071532726287842,1.0,0.4993382394313812,0.9723095297813416,,,-0.11809390783309937,155.75381469726562,,0.027690503746271133,,0.0020000000949949026,,,,,,0.44639843702316284,3.164736270904541,3.1642343997955322,3.1786201000213623,3.1927554607391357
guidance_reasoning_middle_maskmatched_rw5e-4,,,,,,,,,3.163254976272583,,,,,,,,,,,,,,,,,,,,,,,,,,,,-0.8925933837890625,0.684823751449585,29.631772994995117,1.1258323192596436,0.6045148372650146,0.9341621994972229,0.7330853343009949,1.0,,0.0,,209.90982055664062,2.910430908203125,0.3236502408981323,3.1324007511138916,3.1694443225860596,3.1295809745788574,0.04011259227991104,,,0.3433931767940521,118.9738998413086,,0.8925933837890625,5.161392688751221,1.0,0.4988152086734772,0.9594055414199829,,,0.3403482139110565,118.32906341552734,,0.0405944399535656,,0.0005000000237487257,,,,,,0.4471360146999359,3.1632750034332275,3.1628077030181885,3.1767525672912598,3.1908631324768066
guidance_reasoning_middle_samemaskfull_rw1e-4,,,,,,,,,3.1761934757232666,,,,,,,,,,,,,,,,,,,,,,,,,,,,-1.116918683052063,0.6452021598815918,17.801420211791992,1.3184599876403809,0.4089297354221344,1.2371896505355835,0.7090283632278442,1.0,,0.0,,204.934814453125,2.8322086334228516,0.4186455309391022,3.1362438201904297,3.1702821254730225,3.1332619190216064,0.02923479676246643,,,0.03192573040723801,101.3099594116211,,1.116918683052063,5.309967041015625,1.0,0.4988152086734772,0.8422856330871582,,,0.11524929851293564,98.97663116455078,,0.15771442651748657,,9.999998292187229e-05,,,,,,0.44832342863082886,3.176208972930908,3.1757450103759766,3.182281494140625,3.1964476108551025
guidance_reasoning_middle_samemaskfull_rw2e-3,,,,,,,,,3.172398805618286,,,,,,,,,,,,,,,,,,,,,,,,,,,,-0.8933523297309875,0.6066551804542542,40.54404830932617,1.0837894678115845,0.49114617705345154,0.9064340591430664,0.6216008067131042,1.0,,0.0,,203.92745971679688,2.5306549072265625,0.23094148933887482,3.1374518871307373,3.168973922729492,3.1340746879577637,0.038838788866996765,,,-0.9890400767326355,246.2058868408203,,0.8931074738502502,5.218621253967285,1.0,0.4988152086734772,0.9602781534194946,,,-0.9645158052444458,246.19561767578125,,0.03972186520695686,,0.0020000000949949026,,,,,,0.44804155826568604,3.172478199005127,3.1719510555267334,3.1823129653930664,3.1963067054748535
guidance_reasoning_middle_samemaskfull_rw5e-4,,,,,,,,,3.173245668411255,,,,,,,,,,,,,,,,,,,,,,,,,,,,-1.1038786172866821,0.6615584492683411,24.82026481628418,1.2908759117126465,0.4319003224372864,1.1785781383514404,0.6998700499534607,1.0,,0.0,,209.7824249267578,2.6465933322906494,0.36003491282463074,3.1375911235809326,3.1704659461975098,3.1347084045410156,0.03508676961064339,,,1.1058648824691772,137.42239379882812,,1.1038786172866821,5.8549675941467285,1.0,0.4988152086734772,0.8945934176445007,,,1.1386892795562744,136.1201934814453,,0.10540661215782166,,0.0005000000237487257,,,,,,0.4487103819847107,3.1732981204986572,3.1727969646453857,3.1822779178619385,3.196622848510742
scheduler_adaptive_alpha0.5_mix0.25,128.0,12057.03515625,9.397403717041016,1.3360058069229126,0.00010872443817788735,0.6612062454223633,5.380910079111345e-05,,,,,,,,,,,,,,,,,,,,,,,,,,,,,,,,,,,,,,,,,207.49790954589844,2.785186529159546,0.25194045901298523,3.1337852478027344,3.1635143756866455,3.1348297595977783,0.030047496780753136,,,,,,,4.935993671417236,,,,,,,,,,,,0.4754486083984375,0.2784384489059448,6635.1162109375,3408.68798828125,,0.5032418966293335,3.1634774208068848,3.1629743576049805,3.1806159019470215,3.1947860717773438
scheduler_adaptive_alpha0.75_mix0.15,128.0,11671.9697265625,9.364945411682129,1.5965911149978638,0.00012993092241231352,0.48652151226997375,3.9593222027178854e-05,,,,,,,,,,,,,,,,,,,,,,,,,,,,,,,,,,,,,,,,,210.1409149169922,2.589447259902954,0.3363421857357025,3.1343812942504883,3.163752794265747,3.1351442337036133,0.022707058116793633,,,,,,,5.030496120452881,,,,,,,,,,,,0.4596816301345825,0.278717041015625,6953.53857421875,3360.86376953125,,0.5414366126060486,3.16233491897583,3.1617932319641113,3.1804778575897217,3.194797992706299
scheduler_adaptive_alpha1.0_mix0.10,128.0,11169.0283203125,9.320899963378906,1.8725749254226685,0.0001523905375506729,0.3551257252693176,2.8900203687953763e-05,,,,,,,,,,,,,,,,,,,,,,,,,,,,,,,,,,,,,,,,,204.35733032226562,2.9671990871429443,0.3398760259151459,3.1392929553985596,3.1726269721984863,3.140035629272461,0.02607547864317894,,,,,,,5.061663627624512,,,,,,,,,,,,0.44380640983581543,0.2776452600955963,7246.560546875,3290.91259765625,,0.5808194279670715,3.173004627227783,3.172423839569092,3.186596393585205,3.2009263038635254
scheduler_constrained_adaptive_alpha0.5_mix0.25,64.0,12096.0869140625,9.40063762664795,1.3710741996765137,0.00011157830158481374,0.6223893165588379,5.0650171033339575e-05,,,,,,,,,,,,,,,,,,,,64.0,9.8879238130678e-17,,,,,,,,,,,,,,,,,,,,205.44976806640625,2.7198681831359863,0.5765613317489624,3.1312692165374756,3.1700358390808105,3.139173746109009,0.036282967776060104,,,,,,,5.677209854125977,,,,,,,,,,,,0.4983103573322296,0.27813637256622314,6727.95751953125,3380.39306640625,,0.47594305872917175,3.171912431716919,3.1714365482330322,3.179856777191162,3.194141149520874
scheduler_constrained_adaptive_alpha0.75_mix0.15,64.0,11769.072265625,9.37322998046875,1.6762789487838745,0.0001364159252261743,0.4224066734313965,3.437554187257774e-05,,,,,,,,,,,,,,,,,,,,64.0,9.8879238130678e-17,,,,,,,,,,,,,,,,,,,,207.29351806640625,2.6994893550872803,0.4618041515350342,3.126757860183716,3.1760363578796387,3.13030743598938,0.042212311178445816,,,,,,,4.992485523223877,,,,,,,,,,,,0.4991050064563751,0.2778181731700897,7105.61279296875,3334.26806640625,,0.49083757400512695,3.1607306003570557,3.1602399349212646,3.171421527862549,3.185668706893921
scheduler_constrained_adaptive_alpha1.0_mix0.10,64.0,11331.001953125,9.335297584533691,2.0150439739227295,0.0001639846886973828,0.3702092468738556,3.0127705031191e-05,,,,,,,,,,,,,,,,,,,,64.0,1.196959198423997e-16,,,,,,,,,,,,,,,,,,,,206.07899475097656,2.949559211730957,0.37641245126724243,3.1268303394317627,3.15596342086792,3.127537250518799,0.03930262476205826,,,,,,,4.852554798126221,,,,,,,,,,,,0.5015735030174255,0.27795690298080444,7478.64111328125,3272.53369140625,,0.5048030614852905,3.157315731048584,3.1568105220794678,3.1683411598205566,3.1826701164245605
scheduler_curriculum_obs0.50_to_uniform,,,,,,,,,,,,,,,,,,,,,,,,,,,,,0.0,,,,,,,,,,,,,,,,,,,212.1916961669922,2.767460823059082,0.2729921042919159,3.1260530948638916,3.1574714183807373,3.131415605545044,0.03705650568008423,,,,,,,4.592092037200928,,,,,,,,,,,,0.49882709980010986,0.2769375741481781,6127.37158203125,3408.220703125,,0.4472864866256714,3.1567838191986084,3.1563363075256348,3.1725425720214844,3.1869349479675293
scheduler_curriculum_obs0.75_to_uniform,,,,,,,,,,,,,,,,,,,,,,,,,,,,,0.0,,,,,,,,,,,,,,,,,,,205.32310485839844,2.6456918716430664,0.2912786900997162,3.1377487182617188,3.169487714767456,3.13726544380188,0.02148737944662571,,,,,,,4.827899932861328,,,,,,,,,,,,0.49724647402763367,0.2774987816810608,6125.404296875,3404.423583984375,,0.45064547657966614,3.1771557331085205,3.1767048835754395,3.1873092651367188,3.2018442153930664
scheduler_curriculum_obs0.90_to_uniform,,,,,,,,,,,,,,,,,,,,,,,,,,,,,0.0,,,,,,,,,,,,,,,,,,,209.64588928222656,2.777395248413086,0.3014954626560211,3.1446194648742676,3.176842451095581,3.144510269165039,0.03151600435376167,,,,,,,5.162998676300049,,,,,,,,,,,,0.49724647402763367,0.2774987816810608,6125.404296875,3404.423583984375,,0.4504183232784271,3.1743719577789307,3.1739208698272705,3.1911444664001465,3.205650568008423
scheduler_stratified_timestep,,,,,,,,,,,,,,,,,,,,,,,,,,,,,,,,,,,,,,,,,,,,,,,,202.84359741210938,2.696465253829956,0.41183432936668396,3.143706798553467,3.1646347045898438,3.139329671859741,0.04152972623705864,,,,,,,5.369786739349365,,,,,,,,,,,,0.49951842427253723,0.2873152196407318,6142.5205078125,3547.481689453125,1.0,0.4478350877761841,3.1730549335479736,3.172607421875,3.1881508827209473,3.2022790908813477
